{
"lengthUnit": "mil",
"components": {
	"fields": ["COMPONENT_NO", "COMPONENT_NAME", "LAYER", "X_COORDINATE", "Y_COORDINATE", "ANGLE"],
	"rows": [
		[1, "BUZZER1", "T", -600, 135, 90],
		[2, "C1", "T", -1040, -300, 0],
		[3, "C01", "T", -700, -290, 90],
		[4, "C2", "B", -971, -477, 0],
		[5, "C02", "T", -75, 1015, 0],
		[6, "C03", "T", -270, 1765, 0],
		[7, "C3", "B", -758, -22.3, 180],
		[8, "C4", "B", -758, 50, 180],
		[9, "C04", "T", -270, 1835, 0],
		[10, "C5", "T", -505, -320, 270],
		[11, "C05", "T", -130.2, 850.41, 90],
		[12, "C06", "T", -360, 375, 90],
		[13, "C6", "T", -1040, -1010, 90],
		[14, "C7", "T", -1435, -745, 0],
		[15, "C8", "T", -1530, -972, 270],
		[16, "C9", "T", -1175, -640, 0],
		[17, "C10", "T", 307.23, 1440.93, 343.205],
		[18, "C11", "T", 75, 1015, 180],
		[19, "C12", "T", 573, 650, 180],
		[20, "C13", "T", 721, 650, 180],
		[21, "C14", "T", 295, 620, 90],
		[22, "C15", "T", 165, 820, 270],
		[23, "C16", "T", 925, 365, 180],
		[24, "C17", "T", 900, 520, 270],
		[25, "C18", "T", -200.2, 850.41, 90],
		[26, "C19", "T", 135, 255, 0],
		[27, "C20", "T", -860, -75, 90],
		[28, "D1", "T", -865, -715, 180],
		[29, "H1", "B", -1175, -780, 180],
		[30, "H2", "T", 1505.32, 889.16, 127.792],
		[31, "H3", "T", -1499.69, 885.4, 232.193],
		[32, "H4", "T", -610, 1220, 220.918],
		[33, "H5", "T", 455, -125, 180],
		[34, "H6", "T", -1845, -415, 90],
		[35, "LED1", "B", -385.69, -702.57, 299.854],
		[36, "LED2", "B", -480.83, -757.18, 299.854],
		[37, "LED3", "T", -431.74, 1536.18, 22.101],
		[38, "LED4", "T", 1080.4, 1252.81, 53.536],
		[39, "LED5", "T", 1171.13, 1181.49, 52.524],
		[40, "LED6", "T", -1815, -1155, 0],
		[41, "LED7", "T", -1815, -750, 0],
		[42, "LED8", "T", -1815, -952.5, 0],
		[43, "OLED1", "T", 0, 1500, 0],
		[44, "Q1", "T", -905.73, 320.35, 90],
		[45, "R1", "T", -965, -225, 180],
		[46, "R2", "B", -294.47, -648.05, 119.854],
		[47, "R3", "B", -573.74, -808.34, 119.854],
		[48, "R4", "T", -10, -245, 270],
		[49, "R5", "T", -1400, -1000, 0],
		[50, "R6", "T", 50, -245, 270],
		[51, "R7", "T", -1320, -465, 90],
		[52, "R8", "B", 65, -605, 180],
		[53, "R9", "B", -65, -605, 0],
		[54, "R10", "T", 110, -245, 90],
		[55, "R11", "T", -980, -685, 270],
		[56, "R12", "T", -750, -680, 270],
		[57, "R13", "T", 250, 1625, 73.205],
		[58, "R14", "T", 1007.68, 1313.82, 55.019],
		[59, "R15", "T", 1253.15, 1130.54, 52.648],
		[60, "R16", "T", 0, 950, 180],
		[61, "R17", "T", 490, 465, 90],
		[62, "R18", "T", 490.25, 341.27, 270],
		[63, "R19", "T", 655, -95, 270],
		[64, "R20", "T", 255, -155, 270],
		[65, "R21", "T", 925, 430, 180],
		[66, "R22", "T", -1655, -145, 180],
		[67, "R23", "T", 1140, -200, 270],
		[68, "R24", "T", -1655, -1155, 0],
		[69, "R25", "T", -1655, -750, 0],
		[70, "R26", "T", -840.34, 420, 0],
		[71, "R27", "T", -1655, -952.5, 0],
		[72, "R28", "T", 750, 1365, 154.034],
		[73, "R29", "T", -735, 1365, 204.988],
		[74, "R30", "T", 265, -475, 270],
		[75, "R31", "T", -265, -475, 270],
		[76, "R32", "B", 1525, -1120, 270],
		[77, "R33", "B", 1000, -725, 180],
		[78, "R34", "B", 1410, -460, 0],
		[79, "R35", "B", 1645, -1055, 90],
		[80, "R36", "T", -970, 420, 180],
		[81, "S1", "T", -1395, 180, 0],
		[82, "S2", "T", 1395, 180, 0],
		[83, "SW1", "T", -755, -1050, 58.742],
		[84, "SW2", "T", 430, 1540, 163.205],
		[85, "SW3", "T", 769.45, 1417, 154.767],
		[86, "SW4", "T", -754.73, 1417.11, 204.757],
		[87, "SW5", "T", -1062.5, 1120.09, 218.702],
		[88, "SW6", "T", 469.76, -698.21, 329.019],
		[89, "SW7", "T", -469.29, -694.49, 211.521],
		[90, "SW8", "T", 1350, -1390, 0],
		[91, "SW9", "T", 940, -1012.5, 90],
		[92, "SW10", "T", 1350, -635, 0],
		[93, "SW11", "T", 1735, -1012.5, 90],
		[94, "SWD1", "T", 975.28, 980.91, 144.272],
		[95, "U1", "T", -865, -590, 270],
		[96, "U2", "T", -1406.79, -876.79, 180],
		[97, "U3", "T", -1220, -990, 0],
		[98, "U4", "B", -842, -244, 270],
		[99, "U5", "T", -1115, -460, 270],
		[100, "U6", "T", -305, -290, 90],
		[101, "U7", "T", 700, 440, 0],
		[102, "U8", "T", -125, 1745, 0],
		[103, "U9", "T", -20, 505, 180],
		[104, "USB1", "T", 0, -560, 0],
		[105, "X1", "T", 95, 1155, 180]
	]
},
"pins": {
	"fields": ["PIN_NO", "PIN_NAME", "PIN_X", "PIN_Y", "LAYER", "PIN_TYPE", "NET_NAME", "NET_TYPE", "PAD_SHAPE", "PAD_SIZEX", "PAD_SIZEY", "HOLE_SIZE", "PAD_ANGLE"],
	"rows": [
		[1, "BUZZER1_1", -600, -14.6, "T", "DIP", "5V", "", "C", 70.87, 70.87, 39.37, 90],
		[2, "BUZZER1_1", -600, -14.6, "B", "DIP", "5V", "", "C", 70.87, 70.87, 39.37, 90],
		[3, "BUZZER1_2", -600, 284.61, "T", "DIP", "$1N15042", "", "C", 70.87, 70.87, 39.37, 90],
		[4, "BUZZER1_2", -600, 284.61, "B", "DIP", "$1N15042", "", "C", 70.87, 70.87, 39.37, 90],
		[5, "C1_1", -1067.56, -300, "T", "SMD", "GND", "GND", "R", 31.5, 35.43, 0, 0],
		[6, "C1_2", -1012.44, -300, "T", "SMD", "$1N11851", "", "R", 31.5, 35.43, 0, 0],
		[7, "C01_1", -700, -317.56, "T", "SMD", "GND", "GND", "R", 31.5, 35.43, 0, 90],
		[8, "C01_2", -700, -262.44, "T", "SMD", "USB", "", "R", 31.5, 35.43, 0, 90],
		[9, "C2_1", -998.56, -477, "B", "SMD", "GND", "GND", "R", 31.5, 35.43, 0, 0],
		[10, "C2_2", -943.44, -477, "B", "SMD", "VCC_OUT", "", "R", 31.5, 35.43, 0, 0],
		[11, "C02_1", -102.56, 1015, "T", "SMD", "GND", "GND", "R", 31.5, 35.43, 0, 0],
		[12, "C02_2", -47.44, 1015, "T", "SMD", "OSC_O", "", "R", 31.5, 35.43, 0, 0],
		[13, "C03_1", -297.56, 1765, "T", "SMD", "GND", "GND", "R", 31.5, 35.43, 0, 0],
		[14, "C03_2", -242.44, 1765, "T", "SMD", "3V3", "", "R", 31.5, 35.43, 0, 0],
		[15, "C3_1", -730.44, -22.3, "B", "SMD", "GND", "GND", "R", 31.5, 35.43, 0, 180],
		[16, "C3_2", -785.56, -22.3, "B", "SMD", "3V3", "", "R", 31.5, 35.43, 0, 180],
		[17, "C4_1", -730.44, 50, "B", "SMD", "GND", "GND", "R", 31.5, 35.43, 0, 180],
		[18, "C4_2", -785.56, 50, "B", "SMD", "3V3", "", "R", 31.5, 35.43, 0, 180],
		[19, "C04_1", -297.56, 1835, "T", "SMD", "GND", "GND", "R", 31.5, 35.43, 0, 0],
		[20, "C04_2", -242.44, 1835, "T", "SMD", "3V3", "", "R", 31.5, 35.43, 0, 0],
		[21, "C5_1", -505, -214.88, "T", "SMD", "USB", "", "R", 137.79, 47.24, 0, 270],
		[22, "C5_2", -505, -425.12, "T", "SMD", "GND", "GND", "R", 137.79, 47.24, 0, 270],
		[23, "C05_1", -130.2, 822.85, "T", "SMD", "3V3", "", "R", 31.5, 35.43, 0, 90],
		[24, "C05_2", -130.2, 877.97, "T", "SMD", "GND", "GND", "R", 31.5, 35.43, 0, 90],
		[25, "C06_1", -360, 347.44, "T", "SMD", "3V3", "", "R", 31.5, 35.43, 0, 90],
		[26, "C06_2", -360, 402.56, "T", "SMD", "GND", "GND", "R", 31.5, 35.43, 0, 90],
		[27, "C6_1", -1040, -1037.56, "T", "SMD", "GND", "GND", "R", 31.5, 35.43, 0, 90],
		[28, "C6_2", -1040, -982.44, "T", "SMD", "VCC_OUT", "", "R", 31.5, 35.43, 0, 90],
		[29, "C7_1", -1474.37, -745, "T", "SMD", "GND", "GND", "R", 55.51, 53.15, 0, 0],
		[30, "C7_2", -1395.63, -745, "T", "SMD", "5V", "", "R", 55.51, 53.15, 0, 0],
		[31, "C8_1", -1530, -944.44, "T", "SMD", "GND", "GND", "R", 31.5, 35.43, 0, 270],
		[32, "C8_2", -1530, -999.56, "T", "SMD", "$1N9310", "", "R", 31.5, 35.43, 0, 270],
		[33, "C9_1", -1202.56, -640, "T", "SMD", "GND", "GND", "R", 31.5, 35.43, 0, 0],
		[34, "C9_2", -1147.44, -640, "T", "SMD", "VBAT_OUT", "", "R", 31.5, 35.43, 0, 0],
		[35, "C10_1", 280.85, 1448.89, "T", "SMD", "GND", "GND", "R", 31.5, 35.43, 0, 343.205],
		[36, "C10_2", 333.62, 1432.96, "T", "SMD", "NRST", "", "R", 31.5, 35.43, 0, 343.205],
		[37, "C11_1", 102.56, 1015, "T", "SMD", "GND", "GND", "R", 31.5, 35.43, 0, 180],
		[38, "C11_2", 47.44, 1015, "T", "SMD", "OSC_I", "", "R", 31.5, 35.43, 0, 180],
		[39, "C12_1", 600.56, 650, "T", "SMD", "GND", "GND", "R", 31.5, 35.43, 0, 180],
		[40, "C12_2", 545.44, 650, "T", "SMD", "$1N9187", "", "R", 31.5, 35.43, 0, 180],
		[41, "C13_1", 748.56, 650, "T", "SMD", "3V3", "", "R", 31.5, 35.43, 0, 180],
		[42, "C13_2", 693.44, 650, "T", "SMD", "GND", "GND", "R", 31.5, 35.43, 0, 180],
		[43, "C14_1", 295, 592.44, "T", "SMD", "GND", "GND", "R", 31.5, 35.43, 0, 90],
		[44, "C14_2", 295, 647.56, "T", "SMD", "3V3", "", "R", 31.5, 35.43, 0, 90],
		[45, "C15_1", 165, 847.56, "T", "SMD", "GND", "GND", "R", 31.5, 35.43, 0, 270],
		[46, "C15_2", 165, 792.44, "T", "SMD", "3V3", "", "R", 31.5, 35.43, 0, 270],
		[47, "C16_1", 952.56, 365, "T", "SMD", "GND", "GND", "R", 31.5, 35.43, 0, 180],
		[48, "C16_2", 897.44, 365, "T", "SMD", "3V3", "", "R", 31.5, 35.43, 0, 180],
		[49, "C17_1", 900, 547.56, "T", "SMD", "GND", "GND", "R", 31.5, 35.43, 0, 270],
		[50, "C17_2", 900, 492.44, "T", "SMD", "$1N9181", "", "R", 31.5, 35.43, 0, 270],
		[51, "C18_1", -200.2, 822.85, "T", "SMD", "3V3", "", "R", 31.5, 35.43, 0, 90],
		[52, "C18_2", -200.2, 877.97, "T", "SMD", "GND", "GND", "R", 31.5, 35.43, 0, 90],
		[53, "C19_1", 107.44, 255, "T", "SMD", "GND", "GND", "R", 31.5, 35.43, 0, 0],
		[54, "C19_2", 162.56, 255, "T", "SMD", "3V3", "", "R", 31.5, 35.43, 0, 0],
		[55, "C20_1", -860, -102.56, "T", "SMD", "5V", "", "R", 31.5, 35.43, 0, 90],
		[56, "C20_2", -860, -47.44, "T", "SMD", "GND", "GND", "R", 31.5, 35.43, 0, 90],
		[57, "D1_1", -813.82, -715, "T", "SMD", "$1N14350", "", "R", 35.43, 27.56, 0, 180],
		[58, "D1_2", -916.18, -715, "T", "SMD", "USB", "", "R", 35.43, 27.56, 0, 180],
		[59, "H1_1", -1125, -780, "T", "DIP", "VBAT_OUT", "", "R", 66.93, 66.93, 39.37, 180],
		[60, "H1_1", -1125, -780, "B", "DIP", "VBAT_OUT", "", "R", 66.93, 66.93, 39.37, 180],
		[61, "H1_2", -1225, -780, "T", "DIP", "GND", "GND", "C", 66.93, 66.93, 39.37, 180],
		[62, "H1_2", -1225, -780, "B", "DIP", "GND", "GND", "C", 66.93, 66.93, 39.37, 180],
		[63, "H2_1", 1597.24, 770.62, "T", "DIP", "3V3", "", "R", 66.93, 66.93, 43.31, 127.792],
		[64, "H2_1", 1597.24, 770.62, "B", "DIP", "3V3", "", "R", 66.93, 66.93, 43.31, 127.792],
		[65, "H2_2", 1535.96, 849.64, "T", "DIP", "GND", "GND", "C", 66.93, 66.93, 43.31, 127.792],
		[66, "H2_2", 1535.96, 849.64, "B", "DIP", "GND", "GND", "C", 66.93, 66.93, 43.31, 127.792],
		[67, "H2_3", 1474.68, 928.67, "T", "DIP", "U1_TX", "", "C", 66.93, 66.93, 43.31, 127.792],
		[68, "H2_3", 1474.68, 928.67, "B", "DIP", "U1_TX", "", "C", 66.93, 66.93, 43.31, 127.792],
		[69, "H2_4", 1413.4, 1007.69, "T", "DIP", "U1_RX", "", "C", 66.93, 66.93, 43.31, 127.792],
		[70, "H2_4", 1413.4, 1007.69, "B", "DIP", "U1_RX", "", "C", 66.93, 66.93, 43.31, 127.792],
		[71, "H3_1", -1407.74, 1003.91, "T", "DIP", "5V", "", "R", 66.93, 66.93, 43.31, 232.193],
		[72, "H3_1", -1407.74, 1003.91, "B", "DIP", "5V", "", "R", 66.93, 66.93, 43.31, 232.193],
		[73, "H3_2", -1469.04, 924.91, "T", "DIP", "GND", "GND", "C", 66.93, 66.93, 43.31, 232.193],
		[74, "H3_2", -1469.04, 924.91, "B", "DIP", "GND", "GND", "C", 66.93, 66.93, 43.31, 232.193],
		[75, "H3_3", -1530.34, 845.9, "T", "DIP", "U3_TX", "", "C", 66.93, 66.93, 43.31, 232.193],
		[76, "H3_3", -1530.34, 845.9, "B", "DIP", "U3_TX", "", "C", 66.93, 66.93, 43.31, 232.193],
		[77, "H3_4", -1591.65, 766.89, "T", "DIP", "U3_RX", "", "C", 66.93, 66.93, 43.31, 232.193],
		[78, "H3_4", -1591.65, 766.89, "B", "DIP", "U3_RX", "", "C", 66.93, 66.93, 43.31, 232.193],
		[79, "H4_1", -610, 1220, "T", "DIP", "$1N9150", "", "R", 55.12, 55.12, 35.43, 220.918],
		[80, "H4_1", -610, 1220, "B", "DIP", "$1N9150", "", "R", 55.12, 55.12, 35.43, 220.918],
		[81, "H5_1", 555, -75, "T", "DIP", "3V3", "", "R", 66.93, 62.99, 39.37, 180],
		[82, "H5_1", 555, -75, "B", "DIP", "3V3", "", "R", 66.93, 62.99, 39.37, 180],
		[83, "H5_2", 555, -175, "T", "DIP", "3V3", "", "C", 62.99, 62.99, 39.37, 180],
		[84, "H5_2", 555, -175, "B", "DIP", "3V3", "", "C", 62.99, 62.99, 39.37, 180],
		[85, "H5_3", 455, -75, "T", "DIP", "$1N9156", "", "C", 62.99, 62.99, 39.37, 180],
		[86, "H5_3", 455, -75, "B", "DIP", "$1N9156", "", "C", 62.99, 62.99, 39.37, 180],
		[87, "H5_4", 455, -175, "T", "DIP", "$1N9155", "", "C", 62.99, 62.99, 39.37, 180],
		[88, "H5_4", 455, -175, "B", "DIP", "$1N9155", "", "C", 62.99, 62.99, 39.37, 180],
		[89, "H5_5", 355, -75, "T", "DIP", "GND", "GND", "C", 62.99, 62.99, 39.37, 180],
		[90, "H5_5", 355, -75, "B", "DIP", "GND", "GND", "C", 62.99, 62.99, 39.37, 180],
		[91, "H5_6", 355, -175, "T", "DIP", "GND", "GND", "C", 62.99, 62.99, 39.37, 180],
		[92, "H5_6", 355, -175, "B", "DIP", "GND", "GND", "C", 62.99, 62.99, 39.37, 180],
		[93, "H6_1", -1845, -565, "T", "DIP", "GND", "GND", "R", 66.93, 66.93, 43.31, 90],
		[94, "H6_1", -1845, -565, "B", "DIP", "GND", "GND", "R", 66.93, 66.93, 43.31, 90],
		[95, "H6_2", -1845, -465, "T", "DIP", "GND", "GND", "C", 66.93, 66.93, 43.31, 90],
		[96, "H6_2", -1845, -465, "B", "DIP", "GND", "GND", "C", 66.93, 66.93, 43.31, 90],
		[97, "H6_3", -1845, -365, "T", "DIP", "5V", "", "C", 66.93, 66.93, 43.31, 90],
		[98, "H6_3", -1845, -365, "B", "DIP", "5V", "", "C", 66.93, 66.93, 43.31, 90],
		[99, "H6_4", -1845, -265, "T", "DIP", "3V3", "", "C", 66.93, 66.93, 43.31, 90],
		[100, "H6_4", -1845, -265, "B", "DIP", "3V3", "", "C", 66.93, 66.93, 43.31, 90],
		[101, "LED1_1", -402.02, -673.32, "B", "SMD", "$1N9038", "", "R", 31.5, 31.5, 0, 209.854],
		[102, "LED1_2", -370.83, -728.06, "B", "SMD", "$1N11921", "", "R", 31.5, 31.5, 0, 209.854],
		[103, "LED2_1", -497.16, -727.92, "B", "SMD", "$1N9039", "", "R", 31.5, 31.5, 0, 209.854],
		[104, "LED2_2", -465.97, -782.66, "B", "SMD", "$1N11915", "", "R", 31.5, 31.5, 0, 209.854],
		[105, "LED3_1", -547.37, 1559.34, "T", "SMD", "5V", "", "R", 59.05, 39.37, 0, 22.101],
		[106, "LED3_2", -498.49, 1438.96, "T", "SMD", "$1N9150", "", "R", 59.05, 39.37, 0, 22.101],
		[107, "LED3_3", -316.1, 1513.02, "T", "SMD", "GND", "GND", "R", 59.05, 39.37, 0, 22.101],
		[108, "LED3_4", -364.99, 1633.41, "T", "SMD", "RGBLED", "", "R", 59.05, 39.37, 0, 22.101],
		[109, "LED4_1", 1104.97, 1286.07, "T", "SMD", "$1N15350", "", "R", 39.37, 55.1, 0, 233.536],
		[110, "LED4_2", 1055.82, 1219.56, "T", "SMD", "USERLED2", "", "R", 39.37, 55.1, 0, 233.536],
		[111, "LED5_1", 1196.29, 1214.31, "T", "SMD", "$1N9145", "", "R", 39.37, 55.1, 0, 232.524],
		[112, "LED5_2", 1145.97, 1148.68, "T", "SMD", "USERLED1", "", "R", 39.37, 55.1, 0, 232.524],
		[113, "LED6_1", -1860.28, -1154.8, "T", "SMD", "GND", "GND", "R", 39.37, 49.21, 0, 180],
		[114, "LED6_2", -1773.66, -1154.8, "T", "SMD", "$1N9212", "", "R", 39.37, 49.21, 0, 180],
		[115, "LED7_1", -1860.28, -749.8, "T", "SMD", "GND", "GND", "R", 39.37, 49.21, 0, 180],
		[116, "LED7_2", -1773.66, -749.8, "T", "SMD", "$1N9322", "", "R", 39.37, 49.21, 0, 180],
		[117, "LED8_1", -1860.28, -952.3, "T", "SMD", "GND", "GND", "R", 39.37, 49.21, 0, 180],
		[118, "LED8_2", -1773.66, -952.3, "T", "SMD", "$1N9325", "", "R", 39.37, 49.21, 0, 180],
		[119, "OLED1_1", -150, 1499.95, "T", "DIP", "GND", "GND", "C", 64.96, 64.96, 39.37, 0],
		[120, "OLED1_1", -150, 1499.95, "B", "DIP", "GND", "GND", "C", 64.96, 64.96, 39.37, 0],
		[121, "OLED1_2", -50, 1500.05, "T", "DIP", "5V", "", "C", 64.96, 64.96, 39.37, 0],
		[122, "OLED1_2", -50, 1500.05, "B", "DIP", "5V", "", "C", 64.96, 64.96, 39.37, 0],
		[123, "OLED1_3", 50, 1500.05, "T", "DIP", "SCL", "", "C", 64.96, 64.96, 39.37, 0],
		[124, "OLED1_3", 50, 1500.05, "B", "DIP", "SCL", "", "C", 64.96, 64.96, 39.37, 0],
		[125, "OLED1_4", 150, 1500.05, "T", "DIP", "SDA", "", "C", 64.96, 64.96, 39.37, 0],
		[126, "OLED1_4", 150, 1500.05, "B", "DIP", "SDA", "", "C", 64.96, 64.96, 39.37, 0],
		[127, "Q1_1", -868.33, 359.72, "T", "SMD", "$1N14925", "", "R", 49.21, 27.56, 0, 90],
		[128, "Q1_2", -943.13, 359.72, "T", "SMD", "GND", "GND", "R", 49.21, 27.56, 0, 90],
		[129, "Q1_3", -905.73, 280.98, "T", "SMD", "$1N15042", "", "R", 49.21, 27.56, 0, 90],
		[130, "R1_1", -935.34, -225, "T", "SMD", "USB", "", "R", 31.75, 34.02, 0, 180],
		[131, "R1_2", -994.66, -225, "T", "SMD", "$1N11851", "", "R", 31.75, 34.02, 0, 180],
		[132, "R2_1", -279.71, -673.77, "B", "SMD", "$1N11921", "", "R", 31.75, 34.02, 0, 119.854],
		[133, "R2_2", -309.24, -622.33, "B", "SMD", "$1N11851", "", "R", 31.75, 34.02, 0, 119.854],
		[134, "R3_1", -558.98, -834.06, "B", "SMD", "$1N11915", "", "R", 31.75, 34.02, 0, 119.854],
		[135, "R3_2", -588.51, -782.62, "B", "SMD", "$1N11851", "", "R", 31.75, 34.02, 0, 119.854],
		[136, "R4_1", -10, -215.34, "T", "SMD", "USB_D-", "", "R", 31.75, 34.02, 0, 270],
		[137, "R4_2", -10, -274.66, "T", "SMD", "DM", "", "R", 31.75, 34.02, 0, 270],
		[138, "R5_1", -1429.66, -1000, "T", "SMD", "$1N9310", "", "R", 31.75, 34.02, 0, 0],
		[139, "R5_2", -1370.34, -1000, "T", "SMD", "$1N9309", "", "R", 31.75, 34.02, 0, 0],
		[140, "R6_1", 50, -215.34, "T", "SMD", "USB_D+", "", "R", 31.75, 34.02, 0, 270],
		[141, "R6_2", 50, -274.66, "T", "SMD", "DP", "", "R", 31.75, 34.02, 0, 270],
		[142, "R7_1", -1320, -494.66, "T", "SMD", "GND", "GND", "R", 31.75, 34.02, 0, 90],
		[143, "R7_2", -1320, -435.34, "T", "SMD", "$1N9044", "", "R", 31.75, 34.02, 0, 90],
		[144, "R8_1", 94.66, -605, "B", "SMD", "GND", "GND", "R", 31.75, 34.02, 0, 180],
		[145, "R8_2", 35.34, -605, "B", "SMD", "$1N9029", "", "R", 31.75, 34.02, 0, 180],
		[146, "R9_1", -94.66, -605, "B", "SMD", "GND", "GND", "R", 31.75, 34.02, 0, 0],
		[147, "R9_2", -35.34, -605, "B", "SMD", "$1N9031", "", "R", 31.75, 34.02, 0, 0],
		[148, "R10_1", 110, -274.66, "T", "SMD", "3V3", "", "R", 31.75, 34.02, 0, 90],
		[149, "R10_2", 110, -215.34, "T", "SMD", "USB_D+", "", "R", 31.75, 34.02, 0, 90],
		[150, "R11_1", -980, -655.34, "T", "SMD", "GND", "GND", "R", 31.75, 34.02, 0, 270],
		[151, "R11_2", -980, -714.66, "T", "SMD", "USB", "", "R", 31.75, 34.02, 0, 270],
		[152, "R12_1", -750, -650.34, "T", "SMD", "GND", "GND", "R", 31.75, 34.02, 0, 270],
		[153, "R12_2", -750, -709.66, "T", "SMD", "$1N14350", "", "R", 31.75, 34.02, 0, 270],
		[154, "R13_1", 241.43, 1596.61, "T", "SMD", "3V3", "", "R", 31.75, 34.02, 0, 73.205],
		[155, "R13_2", 258.57, 1653.39, "T", "SMD", "NRST", "", "R", 31.75, 34.02, 0, 73.205],
		[156, "R14_1", 990.67, 1289.51, "T", "SMD", "3V3", "", "R", 31.75, 34.02, 0, 55.019],
		[157, "R14_2", 1024.68, 1338.12, "T", "SMD", "$1N15350", "", "R", 31.75, 34.02, 0, 55.019],
		[158, "R15_1", 1235.16, 1106.96, "T", "SMD", "3V3", "", "R", 31.75, 34.02, 0, 52.648],
		[159, "R15_2", 1271.15, 1154.11, "T", "SMD", "$1N9145", "", "R", 31.75, 34.02, 0, 52.648],
		[160, "R16_1", 31.5, 950, "T", "SMD", "OSC_I", "", "R", 37.99, 31.5, 0, 180],
		[161, "R16_2", -31.5, 950, "T", "SMD", "OSC_O", "", "R", 37.99, 31.5, 0, 180],
		[162, "R17_1", 490, 435.34, "T", "SMD", "12C1_SCL", "", "R", 31.75, 34.02, 0, 90],
		[163, "R17_2", 490, 494.66, "T", "SMD", "3V3", "", "R", 31.75, 34.02, 0, 90],
		[164, "R18_1", 490.25, 370.93, "T", "SMD", "12C1_SDA", "", "R", 31.75, 34.02, 0, 270],
		[165, "R18_2", 490.25, 311.61, "T", "SMD", "3V3", "", "R", 31.75, 34.02, 0, 270],
		[166, "R19_1", 655, -65.34, "T", "SMD", "BOOT0", "", "R", 31.75, 34.02, 0, 270],
		[167, "R19_2", 655, -124.66, "T", "SMD", "$1N9156", "", "R", 31.75, 34.02, 0, 270],
		[168, "R20_1", 255, -125.34, "T", "SMD", "$1N9155", "", "R", 31.75, 34.02, 0, 270],
		[169, "R20_2", 255, -184.66, "T", "SMD", "BOOT1", "", "R", 31.75, 34.02, 0, 270],
		[170, "R21_1", 954.66, 430, "T", "SMD", "GND", "GND", "R", 31.75, 34.02, 0, 180],
		[171, "R21_2", 895.34, 430, "T", "SMD", "$1N9195", "", "R", 31.75, 34.02, 0, 180],
		[172, "R22_1", -1625.34, -145, "T", "SMD", "PC15", "", "R", 31.75, 34.02, 0, 180],
		[173, "R22_2", -1684.66, -145, "T", "SMD", "3V3", "", "R", 31.75, 34.02, 0, 180],
		[174, "R23_1", 1140, -170.34, "T", "SMD", "PC14", "", "R", 31.75, 34.02, 0, 270],
		[175, "R23_2", 1140, -229.66, "T", "SMD", "3V3", "", "R", 31.75, 34.02, 0, 270],
		[176, "R24_1", -1684.66, -1155, "T", "SMD", "$1N9212", "", "R", 31.75, 34.02, 0, 0],
		[177, "R24_2", -1625.34, -1155, "T", "SMD", "VCC_OUT", "", "R", 31.75, 34.02, 0, 0],
		[178, "R25_1", -1684.66, -750, "T", "SMD", "$1N9322", "", "R", 31.75, 34.02, 0, 0],
		[179, "R25_2", -1625.34, -750, "T", "SMD", "3V3", "", "R", 31.75, 34.02, 0, 0],
		[180, "R26_1", -870, 420, "T", "SMD", "$1N14925", "", "R", 31.75, 34.02, 0, 0],
		[181, "R26_2", -810.68, 420, "T", "SMD", "BEEP", "", "R", 31.75, 34.02, 0, 0],
		[182, "R27_1", -1684.66, -952.5, "T", "SMD", "$1N9325", "", "R", 31.75, 34.02, 0, 0],
		[183, "R27_2", -1625.34, -952.5, "T", "SMD", "5V", "", "R", 31.75, 34.02, 0, 0],
		[184, "R28_1", 776.67, 1352.01, "T", "SMD", "3V3", "", "R", 31.75, 34.02, 0, 154.034],
		[185, "R28_2", 723.33, 1377.99, "T", "SMD", "KEY1", "", "R", 31.75, 34.02, 0, 154.034],
		[186, "R29_1", -708.12, 1377.53, "T", "SMD", "3V3", "", "R", 31.75, 34.02, 0, 204.988],
		[187, "R29_2", -761.88, 1352.47, "T", "SMD", "KEY2", "", "R", 31.75, 34.02, 0, 204.988],
		[188, "R30_1", 265, -445.34, "T", "SMD", "3V3", "", "R", 31.75, 34.02, 0, 270],
		[189, "R30_2", 265, -504.66, "T", "SMD", "KEY3", "", "R", 31.75, 34.02, 0, 270],
		[190, "R31_1", -265, -445.34, "T", "SMD", "3V3", "", "R", 31.75, 34.02, 0, 270],
		[191, "R31_2", -265, -504.66, "T", "SMD", "KEY4", "", "R", 31.75, 34.02, 0, 270],
		[192, "R32_1", 1525, -1090.34, "B", "SMD", "3V3", "", "R", 31.75, 34.02, 0, 270],
		[193, "R32_2", 1525, -1149.66, "B", "SMD", "PA15", "", "R", 31.75, 34.02, 0, 270],
		[194, "R33_1", 1029.66, -725, "B", "SMD", "3V3", "", "R", 31.75, 34.02, 0, 180],
		[195, "R33_2", 970.34, -725, "B", "SMD", "BOOT1", "", "R", 31.75, 34.02, 0, 180],
		[196, "R34_1", 1380.34, -460, "B", "SMD", "3V3", "", "R", 31.75, 34.02, 0, 0],
		[197, "R34_2", 1439.66, -460, "B", "SMD", "PA8", "", "R", 31.75, 34.02, 0, 0],
		[198, "R35_1", 1645, -1084.66, "B", "SMD", "3V3", "", "R", 31.75, 34.02, 0, 90],
		[199, "R35_2", 1645, -1025.34, "B", "SMD", "PB5", "", "R", 31.75, 34.02, 0, 90],
		[200, "R36_1", -940.34, 420, "T", "SMD", "$1N14925", "", "R", 31.75, 34.02, 0, 180],
		[201, "R36_2", -999.66, 420, "T", "SMD", "GND", "GND", "R", 31.75, 34.02, 0, 180],
		[202, "S1_1", -1493.42, 523.7, "T", "DIP", "3V3", "", "C", 70.87, 70.87, 47.24, 0],
		[203, "S1_1", -1493.42, 523.7, "B", "DIP", "3V3", "", "C", 70.87, 70.87, 47.24, 0],
		[204, "S1_2", -1394.99, 523.7, "T", "DIP", "ADC3", "", "C", 70.87, 70.87, 47.24, 0],
		[205, "S1_2", -1394.99, 523.7, "B", "DIP", "ADC3", "", "C", 70.87, 70.87, 47.24, 0],
		[206, "S1_3", -1296.57, 523.7, "T", "DIP", "GND", "GND", "C", 70.87, 70.87, 47.24, 0],
		[207, "S1_3", -1296.57, 523.7, "B", "DIP", "GND", "GND", "C", 70.87, 70.87, 47.24, 0],
		[208, "S1_4", -1051.3, 278.42, "T", "DIP", "3V3", "", "C", 70.87, 70.87, 47.24, 0],
		[209, "S1_4", -1051.3, 278.42, "B", "DIP", "3V3", "", "C", 70.87, 70.87, 47.24, 0],
		[210, "S1_5", -1051.3, 180, "T", "DIP", "ADC4", "", "C", 70.87, 70.87, 47.24, 0],
		[211, "S1_5", -1051.3, 180, "B", "DIP", "ADC4", "", "C", 70.87, 70.87, 47.24, 0],
		[212, "S1_6", -1051.3, 81.57, "T", "DIP", "GND", "GND", "C", 70.87, 70.87, 47.24, 0],
		[213, "S1_6", -1051.3, 81.57, "B", "DIP", "GND", "GND", "C", 70.87, 70.87, 47.24, 0],
		[214, "S1_7", -1644, 376.85, "T", "DIP", "GND", "GND", "C", 98.42, 98.42, 70.87, 0],
		[215, "S1_7", -1644, 376.85, "B", "DIP", "GND", "GND", "C", 98.42, 98.42, 70.87, 0],
		[216, "S1_8", -1145.97, 376.85, "T", "DIP", "GND", "GND", "C", 98.42, 98.42, 70.87, 0],
		[217, "S1_8", -1145.97, 376.85, "B", "DIP", "GND", "GND", "C", 98.42, 98.42, 70.87, 0],
		[218, "S1_9", -1145.97, -16.85, "T", "DIP", "GND", "GND", "C", 98.42, 98.42, 70.87, 0],
		[219, "S1_9", -1145.97, -16.85, "B", "DIP", "GND", "GND", "C", 98.42, 98.42, 70.87, 0],
		[220, "S1_10", -1644, -16.85, "T", "DIP", "GND", "GND", "C", 98.42, 98.42, 70.87, 0],
		[221, "S1_10", -1644, -16.85, "B", "DIP", "GND", "GND", "C", 98.42, 98.42, 70.87, 0],
		[222, "S1_11", -1523.5, -111.34, "T", "DIP", "PC15", "", "C", 86.61, 86.61, 62.99, 0],
		[223, "S1_11", -1523.5, -111.34, "B", "DIP", "PC15", "", "C", 86.61, 86.61, 62.99, 0],
		[224, "S1_12", -1257.95, -111.34, "T", "DIP", "S1_12", "", "C", 86.61, 86.61, 62.99, 0],
		[225, "S1_12", -1257.95, -111.34, "B", "DIP", "S1_12", "", "C", 86.61, 86.61, 62.99, 0],
		[226, "S1_13", -1523.5, -288.5, "T", "DIP", "S1_13", "", "C", 86.61, 86.61, 62.99, 0],
		[227, "S1_13", -1523.5, -288.5, "B", "DIP", "S1_13", "", "C", 86.61, 86.61, 62.99, 0],
		[228, "S1_14", -1257.95, -288.5, "T", "DIP", "GND", "GND", "C", 86.61, 86.61, 62.99, 0],
		[229, "S1_14", -1257.95, -288.5, "B", "DIP", "GND", "GND", "C", 86.61, 86.61, 62.99, 0],
		[230, "S2_1", 1296.58, 523.7, "T", "DIP", "3V3", "", "C", 70.87, 70.87, 47.24, 0],
		[231, "S2_1", 1296.58, 523.7, "B", "DIP", "3V3", "", "C", 70.87, 70.87, 47.24, 0],
		[232, "S2_2", 1395.01, 523.7, "T", "DIP", "ADC1", "", "C", 70.87, 70.87, 47.24, 0],
		[233, "S2_2", 1395.01, 523.7, "B", "DIP", "ADC1", "", "C", 70.87, 70.87, 47.24, 0],
		[234, "S2_3", 1493.43, 523.7, "T", "DIP", "GND", "GND", "C", 70.87, 70.87, 47.24, 0],
		[235, "S2_3", 1493.43, 523.7, "B", "DIP", "GND", "GND", "C", 70.87, 70.87, 47.24, 0],
		[236, "S2_4", 1738.7, 278.42, "T", "DIP", "3V3", "", "C", 70.87, 70.87, 47.24, 0],
		[237, "S2_4", 1738.7, 278.42, "B", "DIP", "3V3", "", "C", 70.87, 70.87, 47.24, 0],
		[238, "S2_5", 1738.7, 180, "T", "DIP", "ADC2", "", "C", 70.87, 70.87, 47.24, 0],
		[239, "S2_5", 1738.7, 180, "B", "DIP", "ADC2", "", "C", 70.87, 70.87, 47.24, 0],
		[240, "S2_6", 1738.7, 81.57, "T", "DIP", "GND", "GND", "C", 70.87, 70.87, 47.24, 0],
		[241, "S2_6", 1738.7, 81.57, "B", "DIP", "GND", "GND", "C", 70.87, 70.87, 47.24, 0],
		[242, "S2_7", 1146, 376.85, "T", "DIP", "GND", "GND", "C", 98.42, 98.42, 70.87, 0],
		[243, "S2_7", 1146, 376.85, "B", "DIP", "GND", "GND", "C", 98.42, 98.42, 70.87, 0],
		[244, "S2_8", 1644.03, 376.85, "T", "DIP", "GND", "GND", "C", 98.42, 98.42, 70.87, 0],
		[245, "S2_8", 1644.03, 376.85, "B", "DIP", "GND", "GND", "C", 98.42, 98.42, 70.87, 0],
		[246, "S2_9", 1644.03, -16.85, "T", "DIP", "GND", "GND", "C", 98.42, 98.42, 70.87, 0],
		[247, "S2_9", 1644.03, -16.85, "B", "DIP", "GND", "GND", "C", 98.42, 98.42, 70.87, 0],
		[248, "S2_10", 1146, -16.85, "T", "DIP", "GND", "GND", "C", 98.42, 98.42, 70.87, 0],
		[249, "S2_10", 1146, -16.85, "B", "DIP", "GND", "GND", "C", 98.42, 98.42, 70.87, 0],
		[250, "S2_11", 1266.5, -111.34, "T", "DIP", "PC14", "", "C", 86.61, 86.61, 62.99, 0],
		[251, "S2_11", 1266.5, -111.34, "B", "DIP", "PC14", "", "C", 86.61, 86.61, 62.99, 0],
		[252, "S2_12", 1532.05, -111.34, "T", "DIP", "S2_12", "", "C", 86.61, 86.61, 62.99, 0],
		[253, "S2_12", 1532.05, -111.34, "B", "DIP", "S2_12", "", "C", 86.61, 86.61, 62.99, 0],
		[254, "S2_13", 1266.5, -288.5, "T", "DIP", "S2_13", "", "C", 86.61, 86.61, 62.99, 0],
		[255, "S2_13", 1266.5, -288.5, "B", "DIP", "S2_13", "", "C", 86.61, 86.61, 62.99, 0],
		[256, "S2_14", 1532.05, -288.5, "T", "DIP", "GND", "GND", "C", 86.61, 86.61, 62.99, 0],
		[257, "S2_14", 1532.05, -288.5, "B", "DIP", "GND", "GND", "C", 86.61, 86.61, 62.99, 0],
		[258, "SW1_1", -795.86, -1117.31, "T", "DIP", "VCC_OUT", "", "O", 62.99, 62.99, 39.37, 238.742],
		[259, "SW1_1", -795.86, -1117.31, "B", "DIP", "VCC_OUT", "", "O", 62.99, 62.99, 39.37, 238.742],
		[260, "SW1_2", -755, -1050, "T", "DIP", "$1N14350", "", "O", 62.99, 62.99, 39.37, 238.742],
		[261, "SW1_2", -755, -1050, "B", "DIP", "$1N14350", "", "O", 62.99, 62.99, 39.37, 238.742],
		[262, "SW1_3", -714.14, -982.69, "T", "DIP", "SW1_3", "", "O", 62.99, 62.99, 39.37, 238.742],
		[263, "SW1_3", -714.14, -982.69, "B", "DIP", "SW1_3", "", "O", 62.99, 62.99, 39.37, 238.742],
		[264, "SW1_4", -670.22, -910.33, "T", "DIP", "SW1_4", "", "O", 118.11, 78.74, 70.87, 328.742],
		[265, "SW1_4", -670.22, -910.33, "B", "DIP", "SW1_4", "", "O", 118.11, 78.74, 70.87, 328.742],
		[266, "SW1_5", -839.78, -1189.67, "T", "DIP", "SW1_5", "", "O", 118.11, 78.74, 70.87, 328.742],
		[267, "SW1_5", -839.78, -1189.67, "B", "DIP", "SW1_5", "", "O", 118.11, 78.74, 70.87, 328.742],
		[268, "SW2_1", 535.43, 1446.49, "T", "SMD", "GND", "GND", "R", 55.12, 43.31, 0, 163.205],
		[269, "SW2_2", 290.44, 1520.43, "T", "SMD", "SW2_2", "", "R", 55.12, 43.31, 0, 163.205],
		[270, "SW2_3", 569.56, 1559.57, "T", "SMD", "SW2_3", "", "R", 55.12, 43.31, 0, 163.205],
		[271, "SW2_4", 324.57, 1633.51, "T", "SMD", "NRST", "", "R", 55.12, 43.31, 0, 163.205],
		[272, "SW3_1", 870.14, 1422.86, "T", "DIP", "GND", "GND", "C", 62.99, 62.99, 43.31, 154.767],
		[273, "SW3_1", 870.14, 1422.86, "B", "DIP", "GND", "GND", "C", 62.99, 62.99, 43.31, 154.767],
		[274, "SW3_2", 709.88, 1498.39, "T", "DIP", "KEY1", "", "C", 62.99, 62.99, 43.31, 154.767],
		[275, "SW3_2", 709.88, 1498.39, "B", "DIP", "KEY1", "", "C", 62.99, 62.99, 43.31, 154.767],
		[276, "SW3_3", 875.32, 1313.79, "T", "DIP", "SW3_3", "", "C", 86.61, 86.61, 62.99, 154.767],
		[277, "SW3_3", 875.32, 1313.79, "B", "DIP", "SW3_3", "", "C", 86.61, 86.61, 62.99, 154.767],
		[278, "SW3_4", 622.46, 1432.95, "T", "DIP", "SW3_4", "", "C", 86.61, 86.61, 62.99, 154.767],
		[279, "SW3_4", 622.46, 1432.95, "B", "DIP", "SW3_4", "", "C", 86.61, 86.61, 62.99, 154.767],
		[280, "SW4_1", -694.48, 1498.01, "T", "DIP", "GND", "GND", "C", 62.99, 62.99, 43.31, 204.757],
		[281, "SW4_1", -694.48, 1498.01, "B", "DIP", "GND", "GND", "C", 62.99, 62.99, 43.31, 204.757],
		[282, "SW4_2", -855.37, 1423.82, "T", "DIP", "KEY2", "", "C", 62.99, 62.99, 43.31, 204.757],
		[283, "SW4_2", -855.37, 1423.82, "B", "DIP", "KEY2", "", "C", 62.99, 62.99, 43.31, 204.757],
		[284, "SW4_3", -607.61, 1431.85, "T", "DIP", "SW4_3", "", "C", 86.61, 86.61, 62.99, 204.757],
		[285, "SW4_3", -607.61, 1431.85, "B", "DIP", "SW4_3", "", "C", 86.61, 86.61, 62.99, 204.757],
		[286, "SW4_4", -861.45, 1314.79, "T", "DIP", "SW4_4", "", "C", 86.61, 86.61, 62.99, 204.757],
		[287, "SW4_4", -861.45, 1314.79, "B", "DIP", "SW4_4", "", "C", 86.61, 86.61, 62.99, 204.757],
		[288, "SW5_1", -830.45, 1113.81, "T", "SMD", "PB11", "", "R", 78.74, 43.31, 0, 218.702],
		[289, "SW5_2", -892.98, 1191.85, "T", "SMD", "PB11", "", "R", 78.74, 43.31, 0, 218.702],
		[290, "SW5_3", -955.51, 1269.89, "T", "SMD", "PB10", "", "R", 78.74, 43.31, 0, 218.702],
		[291, "SW5_4", -1018.03, 1347.93, "T", "SMD", "PB10", "", "R", 78.74, 43.31, 0, 218.702],
		[292, "SW5_5", -1294.55, 1126.37, "T", "SMD", "BEEP", "", "R", 78.74, 43.31, 0, 218.702],
		[293, "SW5_6", -1232.03, 1048.33, "T", "SMD", "U3_TX", "", "R", 78.74, 43.31, 0, 218.702],
		[294, "SW5_7", -1169.5, 970.29, "T", "SMD", "USERLED2", "", "R", 78.74, 43.31, 0, 218.702],
		[295, "SW5_8", -1106.97, 892.25, "T", "SMD", "U3_RX", "", "R", 78.74, 43.31, 0, 218.702],
		[296, "SW6_1", 366.85, -533.1, "T", "SMD", "KEY3", "", "R", 70.87, 39.37, 0, 329.019],
		[297, "SW6_2", 663.88, -711.44, "T", "SMD", "SW6_2", "", "R", 70.87, 39.37, 0, 329.019],
		[298, "SW6_3", 572.68, -863.33, "T", "SMD", "GND", "GND", "R", 70.87, 39.37, 0, 329.019],
		[299, "SW6_4", 275.65, -684.99, "T", "SMD", "GND", "GND", "R", 70.87, 39.37, 0, 329.019],
		[300, "SW7_1", -275.31, -679.44, "T", "SMD", "KEY4", "", "R", 70.87, 39.37, 0, 211.521],
		[301, "SW7_2", -570.65, -860.57, "T", "SMD", "SW7_2", "", "R", 70.87, 39.37, 0, 211.521],
		[302, "SW7_3", -663.28, -709.55, "T", "SMD", "GND", "GND", "R", 70.87, 39.37, 0, 211.521],
		[303, "SW7_4", -367.94, -528.41, "T", "SMD", "GND", "GND", "R", 70.87, 39.37, 0, 211.521],
		[304, "SW8_1", 1176.77, -1301.41, "T", "SMD", "SW8_1", "", "R", 70.87, 39.37, 0, 0],
		[305, "SW8_2", 1523.23, -1301.41, "T", "SMD", "PA15", "", "R", 70.87, 39.37, 0, 0],
		[306, "SW8_3", 1523.23, -1478.59, "T", "SMD", "GND", "GND", "R", 70.87, 39.37, 0, 0],
		[307, "SW8_4", 1176.77, -1478.59, "T", "SMD", "GND", "GND", "R", 70.87, 39.37, 0, 0],
		[308, "SW9_1", 851.42, -1185.73, "T", "SMD", "SW9_1", "", "R", 70.87, 39.37, 0, 90],
		[309, "SW9_2", 851.42, -839.27, "T", "SMD", "BOOT1", "", "R", 70.87, 39.37, 0, 90],
		[310, "SW9_3", 1028.59, -839.27, "T", "SMD", "GND", "GND", "R", 70.87, 39.37, 0, 90],
		[311, "SW9_4", 1028.59, -1185.73, "T", "SMD", "GND", "GND", "R", 70.87, 39.37, 0, 90],
		[312, "SW10_1", 1176.77, -546.41, "T", "SMD", "SW10_1", "", "R", 70.87, 39.37, 0, 0],
		[313, "SW10_2", 1523.23, -546.41, "T", "SMD", "PA8", "", "R", 70.87, 39.37, 0, 0],
		[314, "SW10_3", 1523.23, -723.58, "T", "SMD", "GND", "GND", "R", 70.87, 39.37, 0, 0],
		[315, "SW10_4", 1176.77, -723.58, "T", "SMD", "GND", "GND", "R", 70.87, 39.37, 0, 0],
		[316, "SW11_1", 1646.41, -1185.73, "T", "SMD", "SW11_1", "", "R", 70.87, 39.37, 0, 90],
		[317, "SW11_2", 1646.41, -839.27, "T", "SMD", "PB5", "", "R", 70.87, 39.37, 0, 90],
		[318, "SW11_3", 1823.59, -839.27, "T", "SMD", "GND", "GND", "R", 70.87, 39.37, 0, 90],
		[319, "SW11_4", 1823.59, -1185.73, "T", "SMD", "GND", "GND", "R", 70.87, 39.37, 0, 90],
		[320, "SWD1_1", 1137.64, 864.12, "T", "DIP", "3V3", "", "R", 62, 62, 40.16, 144.272],
		[321, "SWD1_1", 1137.64, 864.12, "B", "DIP", "3V3", "", "R", 62, 62, 40.16, 144.272],
		[322, "SWD1_2", 1056.46, 922.51, "T", "DIP", "SWDIO", "", "C", 62, 62, 40.16, 144.272],
		[323, "SWD1_2", 1056.46, 922.51, "B", "DIP", "SWDIO", "", "C", 62, 62, 40.16, 144.272],
		[324, "SWD1_3", 975.28, 980.91, "T", "DIP", "SWCLK", "", "C", 62, 62, 40.16, 144.272],
		[325, "SWD1_3", 975.28, 980.91, "B", "DIP", "SWCLK", "", "C", 62, 62, 40.16, 144.272],
		[326, "SWD1_4", 894.1, 1039.3, "T", "DIP", "GND", "GND", "C", 62, 62, 40.16, 144.272],
		[327, "SWD1_4", 894.1, 1039.3, "B", "DIP", "GND", "GND", "C", 62, 62, 40.16, 144.272],
		[328, "SWD1_5", 812.92, 1097.69, "T", "DIP", "NRST", "", "C", 62, 62, 40.16, 144.272],
		[329, "SWD1_5", 812.92, 1097.69, "B", "DIP", "NRST", "", "C", 62, 62, 40.16, 144.272],
		[330, "U1_1", -902.4, -638.63, "T", "SMD", "USB", "", "R", 42.13, 23.62, 0, 270],
		[331, "U1_2", -827.6, -638.63, "T", "SMD", "$1N14350", "", "R", 42.13, 23.62, 0, 270],
		[332, "U1_3", -865, -541.38, "T", "SMD", "VBAT_OUT", "", "R", 42.13, 23.62, 0, 270],
		[333, "U2_1", -1369.39, -833.48, "T", "SMD", "5V", "", "R", 23.62, 39.37, 0, 180],
		[334, "U2_2", -1406.79, -833.48, "T", "SMD", "5V", "", "R", 23.62, 39.37, 0, 180],
		[335, "U2_3", -1444.19, -833.48, "T", "SMD", "U2_3", "", "R", 23.62, 39.37, 0, 180],
		[336, "U2_4", -1444.19, -920.1, "T", "SMD", "GND", "GND", "R", 23.62, 39.37, 0, 180],
		[337, "U2_5", -1369.39, -920.1, "T", "SMD", "$1N9309", "", "R", 23.62, 39.37, 0, 180],
		[338, "U3_1", -1167.72, -990, "T", "SMD", "VCC_OUT", "", "R", 59.05, 130.71, 0, 0],
		[339, "U3_2", -1272.28, -990, "T", "SMD", "$1N9309", "", "R", 59.05, 130.71, 0, 0],
		[340, "U4_1", -751.45, -360.93, "B", "SMD", "GND", "GND", "R", 98.42, 43.31, 0, 270],
		[341, "U4_2", -842, -360.93, "B", "SMD", "3V3", "", "R", 98.42, 43.31, 0, 270],
		[342, "U4_3", -932.55, -360.93, "B", "SMD", "VCC_OUT", "", "R", 98.42, 43.31, 0, 270],
		[343, "U4_4", -842, -127.07, "B", "SMD", "3V3", "", "R", 92.13, 141.73, 0, 270],
		[344, "U5_1", -1229.5, -385, "T", "SMD", "GND", "GND", "R", 23.62, 47.24, 0, 270],
		[345, "U5_2", -1229.5, -435, "T", "SMD", "$1N9044", "", "R", 23.62, 47.24, 0, 270],
		[346, "U5_3", -1229.5, -485, "T", "SMD", "GND", "GND", "R", 23.62, 47.24, 0, 270],
		[347, "U5_4", -1229.5, -535, "T", "SMD", "$1N11851", "", "R", 23.62, 47.24, 0, 270],
		[348, "U5_5", -1000.5, -535, "T", "SMD", "VBAT_OUT", "", "R", 23.62, 47.24, 0, 270],
		[349, "U5_6", -1000.5, -485, "T", "SMD", "$1N9039", "", "R", 23.62, 47.24, 0, 270],
		[350, "U5_7", -1000.5, -435, "T", "SMD", "$1N9038", "", "R", 23.62, 47.24, 0, 270],
		[351, "U5_8", -1000.5, -385, "T", "SMD", "$1N11851", "", "R", 23.62, 47.24, 0, 270],
		[352, "U5_9", -1115, -460, "T", "SMD", "U5_9", "", "R", 129.92, 94.49, 0, 90],
		[353, "U6_1", -305, -346.89, "T", "SMD", "UBS_IN", "", "R", 46.85, 68.03, 0, 90],
		[354, "U6_2", -305, -233.11, "T", "SMD", "USB", "", "R", 46.85, 68.03, 0, 90],
		[355, "U7_1", 650.3, 349.51, "T", "SMD", "GND", "GND", "O", 11.02, 55, 0, 0],
		[356, "U7_2", 669.98, 349.51, "T", "SMD", "U7_2", "", "O", 11.02, 55, 0, 0],
		[357, "U7_3", 689.67, 349.51, "T", "SMD", "U7_3", "", "O", 11.02, 55, 0, 0],
		[358, "U7_4", 709.35, 349.51, "T", "SMD", "U7_4", "", "O", 11.02, 55, 0, 0],
		[359, "U7_5", 729.04, 349.51, "T", "SMD", "U7_5", "", "O", 11.02, 55, 0, 0],
		[360, "U7_6", 748.72, 349.51, "T", "SMD", "U7_6", "", "O", 11.02, 55, 0, 0],
		[361, "U7_7", 790, 390.79, "T", "SMD", "U7_7", "", "O", 55, 11.02, 0, 0],
		[362, "U7_8", 790, 410.47, "T", "SMD", "3V3", "", "O", 55, 11.02, 0, 0],
		[363, "U7_9", 790, 430.16, "T", "SMD", "$1N9195", "", "O", 55, 11.02, 0, 0],
		[364, "U7_10", 790, 449.84, "T", "SMD", "$1N9181", "", "O", 55, 11.02, 0, 0],
		[365, "U7_11", 790, 469.53, "T", "SMD", "GND", "GND", "O", 55, 11.02, 0, 0],
		[366, "U7_12", 790, 489.21, "T", "SMD", "INT", "", "O", 55, 11.02, 0, 0],
		[367, "U7_13", 748.72, 530.49, "T", "SMD", "3V3", "", "O", 11.02, 55, 0, 0],
		[368, "U7_14", 729.04, 530.49, "T", "SMD", "U7_14", "", "O", 11.02, 55, 0, 0],
		[369, "U7_15", 709.35, 530.49, "T", "SMD", "U7_15", "", "O", 11.02, 55, 0, 0],
		[370, "U7_16", 689.67, 530.49, "T", "SMD", "U7_16", "", "O", 11.02, 55, 0, 0],
		[371, "U7_17", 669.98, 530.49, "T", "SMD", "U7_17", "", "O", 11.02, 55, 0, 0],
		[372, "U7_18", 650.61, 530.49, "T", "SMD", "GND", "GND", "O", 11.02, 55, 0, 0],
		[373, "U7_19", 609.02, 489.21, "T", "SMD", "U7_19", "", "O", 55, 11.02, 0, 0],
		[374, "U7_20", 609.02, 469.53, "T", "SMD", "$1N9187", "", "O", 55, 11.02, 0, 0],
		[375, "U7_21", 609.02, 449.84, "T", "SMD", "U7_21", "", "O", 55, 11.02, 0, 0],
		[376, "U7_22", 609.02, 430.16, "T", "SMD", "U7_22", "", "O", 55, 11.02, 0, 0],
		[377, "U7_23", 609.02, 410.47, "T", "SMD", "12C1_SCL", "", "O", 55, 11.02, 0, 0],
		[378, "U7_24", 609.02, 390.79, "T", "SMD", "12C1_SDA", "", "O", 55, 11.02, 0, 0],
		[379, "U7_25", 700, 440, "T", "SMD", "GND", "GND", "R", 106.3, 106.3, 0, 0],
		[380, "U8_1", -125, 1845, "T", "DIP", "3V3", "", "C", 60, 60, 36, 0],
		[381, "U8_1", -125, 1845, "B", "DIP", "3V3", "", "C", 60, 60, 36, 0],
		[382, "U8_2", -125, 1745, "T", "DIP", "GND", "GND", "C", 60, 60, 36, 0],
		[383, "U8_2", -125, 1745, "B", "DIP", "GND", "GND", "C", 60, 60, 36, 0],
		[384, "U8_3", -25, 1845, "T", "DIP", "NRF_CSN", "", "C", 60, 60, 36, 0],
		[385, "U8_3", -25, 1845, "B", "DIP", "NRF_CSN", "", "C", 60, 60, 36, 0],
		[386, "U8_4", -25, 1745, "T", "DIP", "NRF_CE", "", "C", 60, 60, 36, 0],
		[387, "U8_4", -25, 1745, "B", "DIP", "NRF_CE", "", "C", 60, 60, 36, 0],
		[388, "U8_5", 75, 1845, "T", "DIP", "SPI1_MOSI", "", "C", 60, 60, 36, 0],
		[389, "U8_5", 75, 1845, "B", "DIP", "SPI1_MOSI", "", "C", 60, 60, 36, 0],
		[390, "U8_6", 75, 1745, "T", "DIP", "SPI1_SCK", "", "C", 60, 60, 36, 0],
		[391, "U8_6", 75, 1745, "B", "DIP", "SPI1_SCK", "", "C", 60, 60, 36, 0],
		[392, "U8_7", 175, 1845, "T", "DIP", "NRF_IRQ", "", "C", 60, 60, 36, 0],
		[393, "U8_7", 175, 1845, "B", "DIP", "NRF_IRQ", "", "C", 60, 60, 36, 0],
		[394, "U8_8", 175, 1745, "T", "DIP", "SPI1_MISO", "", "C", 60, 60, 36, 0],
		[395, "U8_8", 175, 1745, "B", "DIP", "SPI1_MISO", "", "C", 60, 60, 36, 0],
		[396, "U9_1", 88.27, 672.32, "T", "SMD", "3V3", "", "O", 10.63, 59.05, 0, 180],
		[397, "U9_2", 68.58, 672.32, "T", "SMD", "USERLED1", "", "O", 10.63, 59.05, 0, 180],
		[398, "U9_3", 48.9, 672.32, "T", "SMD", "PC14", "", "O", 10.63, 59.05, 0, 180],
		[399, "U9_4", 29.21, 672.32, "T", "SMD", "PC15", "", "O", 10.63, 59.05, 0, 180],
		[400, "U9_5", 9.53, 672.32, "T", "SMD", "OSC_I", "", "O", 10.63, 59.05, 0, 180],
		[401, "U9_6", -10.16, 672.32, "T", "SMD", "OSC_O", "", "O", 10.63, 59.05, 0, 180],
		[402, "U9_7", -29.84, 672.32, "T", "SMD", "NRST", "", "O", 10.63, 59.05, 0, 180],
		[403, "U9_8", -49.53, 672.32, "T", "SMD", "GND", "GND", "O", 10.63, 59.05, 0, 180],
		[404, "U9_9", -69.21, 672.32, "T", "SMD", "3V3", "", "O", 10.63, 59.05, 0, 180],
		[405, "U9_10", -88.9, 672.32, "T", "SMD", "ADC1", "", "O", 10.63, 59.05, 0, 180],
		[406, "U9_11", -108.58, 672.32, "T", "SMD", "ADC2", "", "O", 10.63, 59.05, 0, 180],
		[407, "U9_12", -128.27, 672.32, "T", "SMD", "ADC3", "", "O", 10.63, 59.05, 0, 180],
		[408, "U9_13", -187.32, 613.27, "T", "SMD", "ADC4", "", "O", 59.05, 10.63, 0, 180],
		[409, "U9_14", -187.32, 593.58, "T", "SMD", "NRF_CSN", "", "O", 59.05, 10.63, 0, 180],
		[410, "U9_15", -187.32, 573.9, "T", "SMD", "SPI1_SCK", "", "O", 59.05, 10.63, 0, 180],
		[411, "U9_16", -187.32, 554.21, "T", "SMD", "SPI1_MISO", "", "O", 59.05, 10.63, 0, 180],
		[412, "U9_17", -187.32, 534.53, "T", "SMD", "SPI1_MOSI", "", "O", 59.05, 10.63, 0, 180],
		[413, "U9_18", -187.32, 514.84, "T", "SMD", "NRF_CE", "", "O", 59.05, 10.63, 0, 180],
		[414, "U9_19", -187.32, 495.16, "T", "SMD", "NRF_IRQ", "", "O", 59.05, 10.63, 0, 180],
		[415, "U9_20", -187.32, 475.47, "T", "SMD", "BOOT1", "", "O", 59.05, 10.63, 0, 180],
		[416, "U9_21", -187.32, 455.79, "T", "SMD", "PB10", "", "O", 59.05, 10.63, 0, 180],
		[417, "U9_22", -187.32, 436.1, "T", "SMD", "PB11", "", "O", 59.05, 10.63, 0, 180],
		[418, "U9_23", -187.32, 416.42, "T", "SMD", "GND", "GND", "O", 59.05, 10.63, 0, 180],
		[419, "U9_24", -187.32, 396.73, "T", "SMD", "3V3", "", "O", 59.05, 10.63, 0, 180],
		[420, "U9_25", -128.27, 337.68, "T", "SMD", "KEY4", "", "O", 10.63, 59.05, 0, 180],
		[421, "U9_26", -108.58, 337.68, "T", "SMD", "KEY3", "", "O", 10.63, 59.05, 0, 180],
		[422, "U9_27", -88.9, 337.68, "T", "SMD", "KEY2", "", "O", 10.63, 59.05, 0, 180],
		[423, "U9_28", -69.21, 337.68, "T", "SMD", "KEY1", "", "O", 10.63, 59.05, 0, 180],
		[424, "U9_29", -49.53, 337.68, "T", "SMD", "PA8", "", "O", 10.63, 59.05, 0, 180],
		[425, "U9_30", -29.84, 337.68, "T", "SMD", "U1_TX", "", "O", 10.63, 59.05, 0, 180],
		[426, "U9_31", -10.16, 337.68, "T", "SMD", "U1_RX", "", "O", 10.63, 59.05, 0, 180],
		[427, "U9_32", 9.53, 337.68, "T", "SMD", "USB_D-", "", "O", 10.63, 59.05, 0, 180],
		[428, "U9_33", 29.21, 337.68, "T", "SMD", "USB_D+", "", "O", 10.63, 59.05, 0, 180],
		[429, "U9_34", 48.9, 337.68, "T", "SMD", "SWDIO", "", "O", 10.63, 59.05, 0, 180],
		[430, "U9_35", 68.58, 337.68, "T", "SMD", "GND", "GND", "O", 10.63, 59.05, 0, 180],
		[431, "U9_36", 88.27, 337.68, "T", "SMD", "3V3", "", "O", 10.63, 59.05, 0, 180],
		[432, "U9_37", 147.32, 396.73, "T", "SMD", "SWCLK", "", "O", 59.05, 10.63, 0, 180],
		[433, "U9_38", 147.32, 416.42, "T", "SMD", "PA15", "", "O", 59.05, 10.63, 0, 180],
		[434, "U9_39", 147.32, 436.1, "T", "SMD", "12C1_SDA", "", "O", 59.05, 10.63, 0, 180],
		[435, "U9_40", 147.32, 455.79, "T", "SMD", "12C1_SCL", "", "O", 59.05, 10.63, 0, 180],
		[436, "U9_41", 147.32, 475.47, "T", "SMD", "PB5", "", "O", 59.05, 10.63, 0, 180],
		[437, "U9_42", 147.32, 495.16, "T", "SMD", "SCL", "", "O", 59.05, 10.63, 0, 180],
		[438, "U9_43", 147.32, 514.84, "T", "SMD", "SDA", "", "O", 59.05, 10.63, 0, 180],
		[439, "U9_44", 147.32, 534.53, "T", "SMD", "BOOT0", "", "O", 59.05, 10.63, 0, 180],
		[440, "U9_45", 147.32, 554.21, "T", "SMD", "INT", "", "O", 59.05, 10.63, 0, 180],
		[441, "U9_46", 147.32, 573.9, "T", "SMD", "RGBLED", "", "O", 59.05, 10.63, 0, 180],
		[442, "U9_47", 147.32, 593.58, "T", "SMD", "GND", "GND", "O", 59.05, 10.63, 0, 180],
		[443, "U9_48", 147.32, 613.27, "T", "SMD", "3V3", "", "O", 59.05, 10.63, 0, 180],
		[444, "USB1_1", -170.08, -490.51, "T", "DIP", "USB1_1", "", "O", 47.24, 78.74, 66.93, 0],
		[445, "USB1_1", -170.08, -490.51, "B", "DIP", "USB1_1", "", "O", 47.24, 78.74, 66.93, 0],
		[446, "USB1_2", 170.08, -490.51, "T", "DIP", "USB1_2", "", "O", 47.24, 78.74, 66.93, 0],
		[447, "USB1_2", 170.08, -490.51, "B", "DIP", "USB1_2", "", "O", 47.24, 78.74, 66.93, 0],
		[448, "USB1_3", -170.08, -655.08, "T", "DIP", "USB1_3", "", "O", 47.24, 70.87, 55.12, 0],
		[449, "USB1_3", -170.08, -655.08, "B", "DIP", "USB1_3", "", "O", 47.24, 70.87, 55.12, 0],
		[450, "USB1_4", 170.08, -655.08, "T", "DIP", "USB1_4", "", "O", 47.24, 70.87, 55.12, 0],
		[451, "USB1_4", 170.08, -655.08, "B", "DIP", "USB1_4", "", "O", 47.24, 70.87, 55.12, 0],
		[452, "USB1_A1", -131.89, -464.92, "T", "SMD", "GND", "GND", "R", 11.81, 51.18, 0, 0],
		[453, "USB1_A12", 131.89, -464.92, "T", "SMD", "GND", "GND", "R", 11.81, 51.18, 0, 0],
		[454, "USB1_A4", -100.39, -464.92, "T", "SMD", "UBS_IN", "", "R", 11.81, 51.18, 0, 0],
		[455, "USB1_A5", -49.21, -464.92, "T", "SMD", "$1N9031", "", "R", 11.81, 51.18, 0, 0],
		[456, "USB1_A6", -9.84, -464.92, "T", "SMD", "DP", "", "R", 11.81, 51.18, 0, 0],
		[457, "USB1_A7", 9.84, -464.92, "T", "SMD", "DM", "", "R", 11.81, 51.18, 0, 0],
		[458, "USB1_A8", 49.2, -464.92, "T", "SMD", "USB1_A8", "", "R", 11.81, 51.18, 0, 0],
		[459, "USB1_A9", 100.4, -464.93, "T", "SMD", "UBS_IN", "", "R", 11.81, 51.18, 0, 0],
		[460, "USB1_B1", 120.08, -464.92, "T", "SMD", "GND", "GND", "R", 11.81, 51.18, 0, 0],
		[461, "USB1_B12", -120.08, -464.92, "T", "SMD", "GND", "GND", "R", 11.81, 51.18, 0, 0],
		[462, "USB1_B4", 88.58, -464.93, "T", "SMD", "UBS_IN", "", "R", 11.81, 51.18, 0, 0],
		[463, "USB1_B5", 68.9, -464.92, "T", "SMD", "$1N9029", "", "R", 11.81, 51.18, 0, 0],
		[464, "USB1_B6", 29.53, -464.92, "T", "SMD", "DP", "", "R", 11.81, 51.18, 0, 0],
		[465, "USB1_B7", -29.53, -464.92, "T", "SMD", "DM", "", "R", 11.81, 51.18, 0, 0],
		[466, "USB1_B8", -68.9, -464.92, "T", "SMD", "USB1_B8", "", "R", 11.81, 51.18, 0, 0],
		[467, "USB1_B9", -88.58, -464.92, "T", "SMD", "UBS_IN", "", "R", 11.81, 51.18, 0, 0],
		[468, "X1_1", 95, 1155, "T", "DIP", "OSC_I", "", "C", 60, 60, 27.56, 180],
		[469, "X1_1", 95, 1155, "B", "DIP", "OSC_I", "", "C", 60, 60, 27.56, 180],
		[470, "X1_2", -97.13, 1155, "T", "DIP", "OSC_O", "", "C", 60, 60, 27.56, 180],
		[471, "X1_2", -97.13, 1155, "B", "DIP", "OSC_O", "", "C", 60, 60, 27.56, 180]
	]
}
}